[
  {
    "fundingNodeRef": {
      "id": null,
      "fundingSourceRefs": [
        {
          "id": "61d5dd371e72306c019fb068",
          "name": null,
          "type": "Appropriation",
          "subType": "Memorandum",
          "financialSystemRef": {
            "id": "58cafe46bf94032ebdf3efb7",
            "name": "GFEBS"
          },
          "sloa": {
            "activity": null,
            "agencyAccountingId": "021001",
            "agencyDisbursingId": "8522",
            "availabilityType": null,
            "budgetAllotmentLineItemId": null,
            "budgetLineItemId": null,
            "budgetActivity": null,
            "budgetSubActivity": null,
            "businessEventType": "DISGF",
            "costCenter": null,
            "costElement": null,
            "departmentRegular": "097",
            "departmentTransfer": null,
            "functionalArea": "107000806278",
            "fundingCenter": null,
            "mainAccountCode": "0130",
            "mainAccountType": "OM",
            "objectClass": null,
            "programYear": "",
            "projectIdentifier": null,
            "fundingCreationSource": null,
            "reimbursable": "D",
            "subAccount": "000",
            "subAllocationHolder": "1800",
            "subClass": null,
            "workOrderId": null,
            "fundCode": "J2"
          },
          "beginDate": "2021-10-01T00:00:00.000Z",
          "endDate": "2022-09-30T23:59:59.999Z",
          "owningOrg": {
            "id": "58d0581cdf121dce611b7d03",
            "name": "USAMRMC-HQ, Fort Detrick, MD",
            "ancestry": ",58d0581bdf121dce611b7170,58d0581bdf121dce611b71c9,58d0581bdf121dce611b7186,58d0581bdf121dce611b71cc,58d0581cdf121dce611b7d03,",
            "organizationIdentifier": "W90ERG"
          },
          "availableBalanceCalculation": "defaultAvailableBalanceCalculator",
          "association": null,
          "status": null
        }
      ],
      "target": 0,
      "description": "SUSTAINMENT (MEDCOM USE)",
      "fiscalYear": "2022",
      "name": "MCHQ"
    },
    "processingBalance": {
      "fundingNodeRef": {
        "id": "61d5dd3dfe436a3fc32b9ed9",
        "fundingSourceRefs": [
          {
            "id": "61d5dd371e72306c019fb068",
            "name": null,
            "type": "Appropriation",
            "subType": "Memorandum",
            "financialSystemRef": {
              "id": "58cafe46bf94032ebdf3efb7",
              "name": "GFEBS"
            },
            "sloa": {
              "activity": null,
              "agencyAccountingId": "021001",
              "agencyDisbursingId": "8522",
              "availabilityType": null,
              "budgetAllotmentLineItemId": null,
              "budgetLineItemId": null,
              "budgetActivity": null,
              "budgetSubActivity": null,
              "businessEventType": "DISGF",
              "costCenter": null,
              "costElement": null,
              "departmentRegular": "097",
              "departmentTransfer": null,
              "functionalArea": "107000806278",
              "fundingCenter": null,
              "mainAccountCode": "0130",
              "mainAccountType": "OM",
              "objectClass": null,
              "programYear": "",
              "projectIdentifier": null,
              "fundingCreationSource": null,
              "reimbursable": "D",
              "subAccount": "000",
              "subAllocationHolder": "1800",
              "subClass": null,
              "workOrderId": null,
              "fundCode": "J2"
            },
            "beginDate": "2021-10-01T00:00:00.000Z",
            "endDate": "2022-09-30T23:59:59.999Z",
            "owningOrg": {
              "id": "58d0581cdf121dce611b7d03",
              "name": "USAMRMC-HQ, Fort Detrick, MD",
              "ancestry": ",58d0581bdf121dce611b7170,58d0581bdf121dce611b71c9,58d0581bdf121dce611b7186,58d0581bdf121dce611b71cc,58d0581cdf121dce611b7d03,",
              "organizationIdentifier": "W90ERG"
            },
            "availableBalanceCalculation": "defaultAvailableBalanceCalculator",
            "association": null,
            "status": null
          }
        ],
        "target": 0,
        "description": "SUST MEDICAL (50K) UM=SF",
        "fiscalYear": "2022",
        "name": "846278.U0"
      },
      "childTargets": 0,
      "childTargetsExcessUsage": 0,
      "childNoTargetUsage": 0,
      "totalUsage": 0,
      "usableAvailableBalance": 0,
      "consumptionRate": 0,
      "fundingNode": {
        "_metadata": {
          "modifiedDate": "2022-01-05T18:02:51.295Z",
          "modifiedMillis": 1641405771295,
          "createdDate": "2022-01-05T18:02:37.614Z",
          "createdMillis": 1641405757614
        },
        "name": "846278.U0",
        "description": "SUST MEDICAL (50K) UM=SF",
        "target": 0,
        "targetLevel": null,
        "fiscalYear": "2022",
        "fundingNodeType": "PROJECT",
        "migrationKey": "W90ERG.18",
        "status": "Active",
        "isDefault": false,
        "fundingSourceRefs": [
          {
            "id": "61d5dd371e72306c019fb068",
            "name": null,
            "type": "Appropriation",
            "subType": "Memorandum",
            "financialSystemRef": {
              "id": "58cafe46bf94032ebdf3efb7",
              "name": "GFEBS"
            },
            "sloa": {
              "activity": null,
              "agencyAccountingId": "021001",
              "agencyDisbursingId": "8522",
              "availabilityType": null,
              "budgetAllotmentLineItemId": null,
              "budgetLineItemId": null,
              "budgetActivity": null,
              "budgetSubActivity": null,
              "businessEventType": "DISGF",
              "costCenter": null,
              "costElement": null,
              "departmentRegular": "097",
              "departmentTransfer": null,
              "functionalArea": "107000806278",
              "fundingCenter": null,
              "mainAccountCode": "0130",
              "mainAccountType": "OM",
              "objectClass": null,
              "programYear": "",
              "projectIdentifier": null,
              "fundingCreationSource": null,
              "reimbursable": "D",
              "subAccount": "000",
              "subAllocationHolder": "1800",
              "subClass": null,
              "workOrderId": null,
              "fundCode": "J2"
            },
            "beginDate": "2021-10-01T00:00:00.000Z",
            "endDate": "2022-09-30T23:59:59.999Z",
            "owningOrg": {
              "id": "58d0581cdf121dce611b7d03",
              "name": "USAMRMC-HQ, Fort Detrick, MD",
              "ancestry": ",58d0581bdf121dce611b7170,58d0581bdf121dce611b71c9,58d0581bdf121dce611b7186,58d0581bdf121dce611b71cc,58d0581cdf121dce611b7d03,",
              "organizationIdentifier": "W90ERG"
            },
            "availableBalanceCalculation": "defaultAvailableBalanceCalculator",
            "association": null,
            "status": null
          }
        ],
        "children": [
          {
            "id": null,
            "name": "MCHQ",
            "description": "SUSTAINMENT (MEDCOM USE)",
            "target": 0,
            "targetLevel": null,
            "fiscalYear": "2022",
            "fundingNodeType": "EXPENSE",
            "fundingSourceSubType": null,
            "status": "Active",
            "isDefault": false,
            "fundingSourceRef": {
              "id": "61d5dd371e72306c019fb068",
              "name": null,
              "type": "Appropriation",
              "subType": "Memorandum",
              "financialSystemRef": {
                "id": "58cafe46bf94032ebdf3efb7",
                "name": "GFEBS"
              },
              "sloa": {
                "activity": null,
                "agencyAccountingId": "021001",
                "agencyDisbursingId": "8522",
                "availabilityType": null,
                "budgetAllotmentLineItemId": null,
                "budgetLineItemId": null,
                "budgetActivity": null,
                "budgetSubActivity": null,
                "businessEventType": "DISGF",
                "costCenter": null,
                "costElement": null,
                "departmentRegular": "097",
                "departmentTransfer": null,
                "functionalArea": "107000806278",
                "fundingCenter": null,
                "mainAccountCode": "0130",
                "mainAccountType": "OM",
                "objectClass": null,
                "programYear": "",
                "projectIdentifier": null,
                "fundingCreationSource": null,
                "reimbursable": "D",
                "subAccount": "000",
                "subAllocationHolder": "1800",
                "subClass": null,
                "workOrderId": null,
                "fundCode": "J2"
              },
              "beginDate": "2021-10-01T00:00:00.000Z",
              "endDate": "2022-09-30T23:59:59.999Z",
              "owningOrg": {
                "id": "58d0581cdf121dce611b7d03",
                "name": "USAMRMC-HQ, Fort Detrick, MD",
                "ancestry": ",58d0581bdf121dce611b7170,58d0581bdf121dce611b71c9,58d0581bdf121dce611b7186,58d0581bdf121dce611b71cc,58d0581cdf121dce611b7d03,",
                "organizationIdentifier": "W90ERG"
              },
              "availableBalanceCalculation": "defaultAvailableBalanceCalculator",
              "association": null,
              "status": null
            },
            "children": [],
            "authorizedOrgs": [
              {
                "isDefault": null,
                "nodeRef": {
                  "id": "58d0581cdf121dce611b7d03",
                  "name": "USAMRMC-HQ, Fort Detrick, MD",
                  "ancestry": ",58d0581bdf121dce611b7170,58d0581bdf121dce611b71c9,58d0581bdf121dce611b7186,58d0581bdf121dce611b71cc,58d0581cdf121dce611b7d03,",
                  "organizationIdentifier": "W90ERG"
                },
                "costCenter": ""
              }
            ],
            "categories": [
              {
                "commodityCodeRef": {
                  "id": "611af87791c383c0087fddcd",
                  "code": "1XXX",
                  "type": "Cost Element Code",
                  "name": "Government Labor",
                  "commodityType": "Supply",
                  "commodityClassName": "Government Labor"
                },
                "target": 0,
                "balances": {
                  "commitments": 0,
                  "obligations": 0,
                  "credits": 0,
                  "expenses": 0,
                  "nonContractCommitments": 0,
                  "nSales": 0,
                  "rSales": 0,
                  "surcharges": 0,
                  "total": 0,
                  "availableBalance": 0
                },
                "isUtilized": false
              },
              {
                "commodityCodeRef": {
                  "id": "611af87791c383c0087fddd0",
                  "code": "21XX",
                  "type": "Cost Element Code",
                  "name": "Travel and Transportation of Persons",
                  "commodityType": "Supply",
                  "commodityClassName": "Travel and Transportation of Persons"
                },
                "target": 0,
                "balances": {
                  "commitments": 0,
                  "obligations": 0,
                  "credits": 0,
                  "expenses": 0,
                  "nonContractCommitments": 0,
                  "nSales": 0,
                  "rSales": 0,
                  "surcharges": 0,
                  "total": 0,
                  "availableBalance": 0
                },
                "isUtilized": false
              },
              {
                "commodityCodeRef": {
                  "id": "611af87791c383c0087fdddd",
                  "code": "23XX",
                  "type": "Cost Element Code",
                  "name": "Rents, Communications and Utilities",
                  "commodityType": "Supply",
                  "commodityClassName": "Rents, Communications and Utilities"
                },
                "target": 0,
                "balances": {
                  "commitments": 0,
                  "obligations": 0,
                  "credits": 0,
                  "expenses": 0,
                  "nonContractCommitments": 0,
                  "nSales": 0,
                  "rSales": 0,
                  "surcharges": 0,
                  "total": 0,
                  "availableBalance": 0
                },
                "isUtilized": false
              },
              {
                "commodityCodeRef": {
                  "id": "611af87791c383c0087fdde1",
                  "code": "24XX",
                  "type": "Cost Element Code",
                  "name": "Printing and Reproduction",
                  "commodityType": "Supply",
                  "commodityClassName": "Printing and Reproduction"
                },
                "target": 0,
                "balances": {
                  "commitments": 0,
                  "obligations": 0,
                  "credits": 0,
                  "expenses": 0,
                  "nonContractCommitments": 0,
                  "nSales": 0,
                  "rSales": 0,
                  "surcharges": 0,
                  "total": 0,
                  "availableBalance": 0
                },
                "isUtilized": false
              },
              {
                "commodityCodeRef": {
                  "id": "611af87791c383c0087fddf3",
                  "code": "25XX",
                  "type": "Cost Element Code",
                  "name": "Contractual Services",
                  "commodityType": "Supply",
                  "commodityClassName": "Contractual Services"
                },
                "target": 0,
                "balances": {
                  "commitments": 0,
                  "obligations": 0,
                  "credits": 0,
                  "expenses": 0,
                  "nonContractCommitments": 0,
                  "nSales": 0,
                  "rSales": 0,
                  "surcharges": 0,
                  "total": 0,
                  "availableBalance": 0
                },
                "isUtilized": false
              },
              {
                "commodityCodeRef": {
                  "id": "611af87791c383c0087fde03",
                  "code": "26XX",
                  "type": "Cost Element Code",
                  "name": "Supplies and Material",
                  "commodityType": "Supply",
                  "commodityClassName": "Supplies and Material"
                },
                "target": 0,
                "balances": {
                  "commitments": 0,
                  "obligations": 0,
                  "credits": 0,
                  "expenses": 0,
                  "nonContractCommitments": 0,
                  "nSales": 0,
                  "rSales": 0,
                  "surcharges": 0,
                  "total": 0,
                  "availableBalance": 0
                },
                "isUtilized": false
              },
              {
                "commodityCodeRef": {
                  "id": "611af87791c383c0087fde09",
                  "code": "27XX",
                  "type": "Cost Element Code",
                  "name": "Service Charge Function",
                  "commodityType": "Supply",
                  "commodityClassName": "Service Charge Function"
                },
                "target": 0,
                "balances": {
                  "commitments": 0,
                  "obligations": 0,
                  "credits": 0,
                  "expenses": 0,
                  "nonContractCommitments": 0,
                  "nSales": 0,
                  "rSales": 0,
                  "surcharges": 0,
                  "total": 0,
                  "availableBalance": 0
                },
                "isUtilized": false
              },
              {
                "commodityCodeRef": {
                  "id": "611af87791c383c0087fde17",
                  "code": "31XX",
                  "type": "Cost Element Code",
                  "name": "Equipment",
                  "commodityType": "Equipment",
                  "commodityClassName": "Equipment"
                },
                "target": 0,
                "balances": {
                  "commitments": 0,
                  "obligations": 0,
                  "credits": 0,
                  "expenses": 0,
                  "nonContractCommitments": 0,
                  "nSales": 0,
                  "rSales": 0,
                  "surcharges": 0,
                  "total": 0,
                  "availableBalance": 0
                },
                "isUtilized": false
              },
              {
                "commodityCodeRef": {
                  "id": "611af87791c383c0087fde19",
                  "code": "32XX",
                  "type": "Cost Element Code",
                  "name": "Land and Structures",
                  "commodityType": "Supply",
                  "commodityClassName": "Land and Structures"
                },
                "target": 0,
                "balances": {
                  "commitments": 0,
                  "obligations": 0,
                  "credits": 0,
                  "expenses": 0,
                  "nonContractCommitments": 0,
                  "nSales": 0,
                  "rSales": 0,
                  "surcharges": 0,
                  "total": 0,
                  "availableBalance": 0
                },
                "isUtilized": false
              },
              {
                "commodityCodeRef": {
                  "id": "611af87791c383c0087fdd9c",
                  "code": "6100.2540",
                  "type": "Cost Element Code",
                  "name": "Contractor Provided Parts",
                  "commodityType": "Service Contract",
                  "commodityClassName": "Contractor Provided Parts"
                },
                "target": 0,
                "balances": {
                  "commitments": 0,
                  "obligations": 0,
                  "credits": 0,
                  "expenses": 0,
                  "nonContractCommitments": 0,
                  "nSales": 0,
                  "rSales": 0,
                  "surcharges": 0,
                  "total": 0,
                  "availableBalance": 0
                },
                "isUtilized": false
              }
            ],
            "balances": {
              "commitments": 0,
              "obligations": 0,
              "credits": 0,
              "expenses": 0,
              "nonContractCommitments": 0,
              "nSales": 0,
              "rSales": 0,
              "surcharges": 0,
              "total": 0,
              "availableBalance": 0
            },
            "closedDate": "2027-09-30T23:59:59.999Z",
            "expiredDate": "2022-09-30T23:59:59.999Z",
            "retiredDate": null,
            "usage": [],
            "isEditable": null,
            "migrationKey": "W90ERG.467"
          },
          {
            "id": null,
            "name": "78U0",
            "description": "SUST MEDICAL FAC-UM=SF",
            "target": 0,
            "targetLevel": null,
            "fiscalYear": "2022",
            "fundingNodeType": "EXPENSE",
            "fundingSourceSubType": null,
            "status": "Active",
            "isDefault": false,
            "fundingSourceRef": {
              "id": "61d5dd371e72306c019fb068",
              "name": null,
              "type": "Appropriation",
              "subType": "Memorandum",
              "financialSystemRef": {
                "id": "58cafe46bf94032ebdf3efb7",
                "name": "GFEBS"
              },
              "sloa": {
                "activity": null,
                "agencyAccountingId": "021001",
                "agencyDisbursingId": "8522",
                "availabilityType": null,
                "budgetAllotmentLineItemId": null,
                "budgetLineItemId": null,
                "budgetActivity": null,
                "budgetSubActivity": null,
                "businessEventType": "DISGF",
                "costCenter": null,
                "costElement": null,
                "departmentRegular": "097",
                "departmentTransfer": null,
                "functionalArea": "107000806278",
                "fundingCenter": null,
                "mainAccountCode": "0130",
                "mainAccountType": "OM",
                "objectClass": null,
                "programYear": "",
                "projectIdentifier": null,
                "fundingCreationSource": null,
                "reimbursable": "D",
                "subAccount": "000",
                "subAllocationHolder": "1800",
                "subClass": null,
                "workOrderId": null,
                "fundCode": "J2"
              },
              "beginDate": "2021-10-01T00:00:00.000Z",
              "endDate": "2022-09-30T23:59:59.999Z",
              "owningOrg": {
                "id": "58d0581cdf121dce611b7d03",
                "name": "USAMRMC-HQ, Fort Detrick, MD",
                "ancestry": ",58d0581bdf121dce611b7170,58d0581bdf121dce611b71c9,58d0581bdf121dce611b7186,58d0581bdf121dce611b71cc,58d0581cdf121dce611b7d03,",
                "organizationIdentifier": "W90ERG"
              },
              "availableBalanceCalculation": "defaultAvailableBalanceCalculator",
              "association": null,
              "status": null
            },
            "children": [],
            "authorizedOrgs": [
              {
                "isDefault": null,
                "nodeRef": {
                  "id": "58d0581cdf121dce611b7d03",
                  "name": "USAMRMC-HQ, Fort Detrick, MD",
                  "ancestry": ",58d0581bdf121dce611b7170,58d0581bdf121dce611b71c9,58d0581bdf121dce611b7186,58d0581bdf121dce611b71cc,58d0581cdf121dce611b7d03,",
                  "organizationIdentifier": "W90ERG"
                },
                "costCenter": ""
              }
            ],
            "categories": [
              {
                "commodityCodeRef": {
                  "id": "611af87791c383c0087fddcd",
                  "code": "1XXX",
                  "type": "Cost Element Code",
                  "name": "Government Labor",
                  "commodityType": "Supply",
                  "commodityClassName": "Government Labor"
                },
                "target": 0,
                "balances": {
                  "commitments": 0,
                  "obligations": 0,
                  "credits": 0,
                  "expenses": 0,
                  "nonContractCommitments": 0,
                  "nSales": 0,
                  "rSales": 0,
                  "surcharges": 0,
                  "total": 0,
                  "availableBalance": 0
                },
                "isUtilized": false
              },
              {
                "commodityCodeRef": {
                  "id": "611af87791c383c0087fddd0",
                  "code": "21XX",
                  "type": "Cost Element Code",
                  "name": "Travel and Transportation of Persons",
                  "commodityType": "Supply",
                  "commodityClassName": "Travel and Transportation of Persons"
                },
                "target": 0,
                "balances": {
                  "commitments": 0,
                  "obligations": 0,
                  "credits": 0,
                  "expenses": 0,
                  "nonContractCommitments": 0,
                  "nSales": 0,
                  "rSales": 0,
                  "surcharges": 0,
                  "total": 0,
                  "availableBalance": 0
                },
                "isUtilized": false
              },
              {
                "commodityCodeRef": {
                  "id": "611af87791c383c0087fdddd",
                  "code": "23XX",
                  "type": "Cost Element Code",
                  "name": "Rents, Communications and Utilities",
                  "commodityType": "Supply",
                  "commodityClassName": "Rents, Communications and Utilities"
                },
                "target": 0,
                "balances": {
                  "commitments": 0,
                  "obligations": 0,
                  "credits": 0,
                  "expenses": 0,
                  "nonContractCommitments": 0,
                  "nSales": 0,
                  "rSales": 0,
                  "surcharges": 0,
                  "total": 0,
                  "availableBalance": 0
                },
                "isUtilized": false
              },
              {
                "commodityCodeRef": {
                  "id": "611af87791c383c0087fdde1",
                  "code": "24XX",
                  "type": "Cost Element Code",
                  "name": "Printing and Reproduction",
                  "commodityType": "Supply",
                  "commodityClassName": "Printing and Reproduction"
                },
                "target": 0,
                "balances": {
                  "commitments": 0,
                  "obligations": 0,
                  "credits": 0,
                  "expenses": 0,
                  "nonContractCommitments": 0,
                  "nSales": 0,
                  "rSales": 0,
                  "surcharges": 0,
                  "total": 0,
                  "availableBalance": 0
                },
                "isUtilized": false
              },
              {
                "commodityCodeRef": {
                  "id": "611af87791c383c0087fddf3",
                  "code": "25XX",
                  "type": "Cost Element Code",
                  "name": "Contractual Services",
                  "commodityType": "Supply",
                  "commodityClassName": "Contractual Services"
                },
                "target": 0,
                "balances": {
                  "commitments": 0,
                  "obligations": 0,
                  "credits": 0,
                  "expenses": 0,
                  "nonContractCommitments": 0,
                  "nSales": 0,
                  "rSales": 0,
                  "surcharges": 0,
                  "total": 0,
                  "availableBalance": 0
                },
                "isUtilized": false
              },
              {
                "commodityCodeRef": {
                  "id": "611af87791c383c0087fde03",
                  "code": "26XX",
                  "type": "Cost Element Code",
                  "name": "Supplies and Material",
                  "commodityType": "Supply",
                  "commodityClassName": "Supplies and Material"
                },
                "target": 0,
                "balances": {
                  "commitments": 0,
                  "obligations": 0,
                  "credits": 0,
                  "expenses": 0,
                  "nonContractCommitments": 0,
                  "nSales": 0,
                  "rSales": 0,
                  "surcharges": 0,
                  "total": 0,
                  "availableBalance": 0
                },
                "isUtilized": false
              },
              {
                "commodityCodeRef": {
                  "id": "611af87791c383c0087fde09",
                  "code": "27XX",
                  "type": "Cost Element Code",
                  "name": "Service Charge Function",
                  "commodityType": "Supply",
                  "commodityClassName": "Service Charge Function"
                },
                "target": 0,
                "balances": {
                  "commitments": 0,
                  "obligations": 0,
                  "credits": 0,
                  "expenses": 0,
                  "nonContractCommitments": 0,
                  "nSales": 0,
                  "rSales": 0,
                  "surcharges": 0,
                  "total": 0,
                  "availableBalance": 0
                },
                "isUtilized": false
              },
              {
                "commodityCodeRef": {
                  "id": "611af87791c383c0087fde17",
                  "code": "31XX",
                  "type": "Cost Element Code",
                  "name": "Equipment",
                  "commodityType": "Equipment",
                  "commodityClassName": "Equipment"
                },
                "target": 0,
                "balances": {
                  "commitments": 0,
                  "obligations": 0,
                  "credits": 0,
                  "expenses": 0,
                  "nonContractCommitments": 0,
                  "nSales": 0,
                  "rSales": 0,
                  "surcharges": 0,
                  "total": 0,
                  "availableBalance": 0
                },
                "isUtilized": false
              },
              {
                "commodityCodeRef": {
                  "id": "611af87791c383c0087fde19",
                  "code": "32XX",
                  "type": "Cost Element Code",
                  "name": "Land and Structures",
                  "commodityType": "Supply",
                  "commodityClassName": "Land and Structures"
                },
                "target": 0,
                "balances": {
                  "commitments": 0,
                  "obligations": 0,
                  "credits": 0,
                  "expenses": 0,
                  "nonContractCommitments": 0,
                  "nSales": 0,
                  "rSales": 0,
                  "surcharges": 0,
                  "total": 0,
                  "availableBalance": 0
                },
                "isUtilized": false
              },
              {
                "commodityCodeRef": {
                  "id": "611af87791c383c0087fdd9c",
                  "code": "6100.2540",
                  "type": "Cost Element Code",
                  "name": "Contractor Provided Parts",
                  "commodityType": "Service Contract",
                  "commodityClassName": "Contractor Provided Parts"
                },
                "target": 0,
                "balances": {
                  "commitments": 0,
                  "obligations": 0,
                  "credits": 0,
                  "expenses": 0,
                  "nonContractCommitments": 0,
                  "nSales": 0,
                  "rSales": 0,
                  "surcharges": 0,
                  "total": 0,
                  "availableBalance": 0
                },
                "isUtilized": false
              }
            ],
            "balances": {
              "commitments": 0,
              "obligations": 0,
              "credits": 0,
              "expenses": 0,
              "nonContractCommitments": 0,
              "nSales": 0,
              "rSales": 0,
              "surcharges": 0,
              "total": 0,
              "availableBalance": 0
            },
            "closedDate": "2027-09-30T23:59:59.999Z",
            "expiredDate": "2022-09-30T23:59:59.999Z",
            "retiredDate": null,
            "usage": [],
            "isEditable": null,
            "migrationKey": "W90ERG.76"
          }
        ],
        "authorizedOrgs": [],
        "categories": [
          {
            "commodityCodeRef": {
              "id": "611af87791c383c0087fdd9c",
              "code": "6100.2540",
              "type": "Cost Element Code",
              "name": "Contractor Provided Parts",
              "commodityType": "Service Contract",
              "commodityClassName": "Contractor Provided Parts"
            },
            "target": 0,
            "balances": {
              "commitments": 0,
              "obligations": 0,
              "credits": 0,
              "expenses": 0,
              "nonContractCommitments": 0,
              "nSales": 0,
              "rSales": 0,
              "surcharges": 0,
              "total": 0,
              "availableBalance": 0
            },
            "isUtilized": false
          },
          {
            "commodityCodeRef": {
              "id": "611af87791c383c0087fddf3",
              "code": "25XX",
              "type": "Cost Element Code",
              "name": "Contractual Services",
              "commodityType": "Supply",
              "commodityClassName": "Contractual Services"
            },
            "target": 0,
            "balances": {
              "commitments": 0,
              "obligations": 0,
              "credits": 0,
              "expenses": 0,
              "nonContractCommitments": 0,
              "nSales": 0,
              "rSales": 0,
              "surcharges": 0,
              "total": 0,
              "availableBalance": 0
            },
            "isUtilized": false
          },
          {
            "commodityCodeRef": {
              "id": "611af87791c383c0087fde17",
              "code": "31XX",
              "type": "Cost Element Code",
              "name": "Equipment",
              "commodityType": "Equipment",
              "commodityClassName": "Equipment"
            },
            "target": 0,
            "balances": {
              "commitments": 0,
              "obligations": 0,
              "credits": 0,
              "expenses": 0,
              "nonContractCommitments": 0,
              "nSales": 0,
              "rSales": 0,
              "surcharges": 0,
              "total": 0,
              "availableBalance": 0
            },
            "isUtilized": false
          },
          {
            "commodityCodeRef": {
              "id": "611af87791c383c0087fddcd",
              "code": "1XXX",
              "type": "Cost Element Code",
              "name": "Government Labor",
              "commodityType": "Supply",
              "commodityClassName": "Government Labor"
            },
            "target": 0,
            "balances": {
              "commitments": 0,
              "obligations": 0,
              "credits": 0,
              "expenses": 0,
              "nonContractCommitments": 0,
              "nSales": 0,
              "rSales": 0,
              "surcharges": 0,
              "total": 0,
              "availableBalance": 0
            },
            "isUtilized": false
          },
          {
            "commodityCodeRef": {
              "id": "611af87791c383c0087fde19",
              "code": "32XX",
              "type": "Cost Element Code",
              "name": "Land and Structures",
              "commodityType": "Supply",
              "commodityClassName": "Land and Structures"
            },
            "target": 0,
            "balances": {
              "commitments": 0,
              "obligations": 0,
              "credits": 0,
              "expenses": 0,
              "nonContractCommitments": 0,
              "nSales": 0,
              "rSales": 0,
              "surcharges": 0,
              "total": 0,
              "availableBalance": 0
            },
            "isUtilized": false
          },
          {
            "commodityCodeRef": {
              "id": "611af87791c383c0087fdde1",
              "code": "24XX",
              "type": "Cost Element Code",
              "name": "Printing and Reproduction",
              "commodityType": "Supply",
              "commodityClassName": "Printing and Reproduction"
            },
            "target": 0,
            "balances": {
              "commitments": 0,
              "obligations": 0,
              "credits": 0,
              "expenses": 0,
              "nonContractCommitments": 0,
              "nSales": 0,
              "rSales": 0,
              "surcharges": 0,
              "total": 0,
              "availableBalance": 0
            },
            "isUtilized": false
          },
          {
            "commodityCodeRef": {
              "id": "611af87791c383c0087fdddd",
              "code": "23XX",
              "type": "Cost Element Code",
              "name": "Rents, Communications and Utilities",
              "commodityType": "Supply",
              "commodityClassName": "Rents, Communications and Utilities"
            },
            "target": 0,
            "balances": {
              "commitments": 0,
              "obligations": 0,
              "credits": 0,
              "expenses": 0,
              "nonContractCommitments": 0,
              "nSales": 0,
              "rSales": 0,
              "surcharges": 0,
              "total": 0,
              "availableBalance": 0
            },
            "isUtilized": false
          },
          {
            "commodityCodeRef": {
              "id": "611af87791c383c0087fde09",
              "code": "27XX",
              "type": "Cost Element Code",
              "name": "Service Charge Function",
              "commodityType": "Supply",
              "commodityClassName": "Service Charge Function"
            },
            "target": 0,
            "balances": {
              "commitments": 0,
              "obligations": 0,
              "credits": 0,
              "expenses": 0,
              "nonContractCommitments": 0,
              "nSales": 0,
              "rSales": 0,
              "surcharges": 0,
              "total": 0,
              "availableBalance": 0
            },
            "isUtilized": false
          },
          {
            "commodityCodeRef": {
              "id": "611af87791c383c0087fde03",
              "code": "26XX",
              "type": "Cost Element Code",
              "name": "Supplies and Material",
              "commodityType": "Supply",
              "commodityClassName": "Supplies and Material"
            },
            "target": 0,
            "balances": {
              "commitments": 0,
              "obligations": 0,
              "credits": 0,
              "expenses": 0,
              "nonContractCommitments": 0,
              "nSales": 0,
              "rSales": 0,
              "surcharges": 0,
              "total": 0,
              "availableBalance": 0
            },
            "isUtilized": false
          },
          {
            "commodityCodeRef": {
              "id": "611af87791c383c0087fddd0",
              "code": "21XX",
              "type": "Cost Element Code",
              "name": "Travel and Transportation of Persons",
              "commodityType": "Supply",
              "commodityClassName": "Travel and Transportation of Persons"
            },
            "target": 0,
            "balances": {
              "commitments": 0,
              "obligations": 0,
              "credits": 0,
              "expenses": 0,
              "nonContractCommitments": 0,
              "nSales": 0,
              "rSales": 0,
              "surcharges": 0,
              "total": 0,
              "availableBalance": 0
            },
            "isUtilized": false
          }
        ],
        "managedByNodeRef": {
          "id": "58d0581cdf121dce611b7d03",
          "name": "USAMRMC-HQ, Fort Detrick, MD",
          "ancestry": ",58d0581bdf121dce611b7170,58d0581bdf121dce611b71c9,58d0581bdf121dce611b7186,58d0581bdf121dce611b71cc,58d0581cdf121dce611b7d03,",
          "organizationIdentifier": "W90ERG"
        },
        "balances": {
          "commitments": 0,
          "obligations": 0,
          "credits": 0,
          "expenses": 0,
          "nonContractCommitments": 0,
          "nSales": 0,
          "rSales": 0,
          "surcharges": 0,
          "total": 0,
          "availableBalance": 0
        },
        "closedDate": "2027-09-30T23:59:59.999Z",
        "expiredDate": "2022-09-30T23:59:59.999Z",
        "retiredDate": null,
        "usage": [
          "Facility Management"
        ],
        "isEditable": null,
        "id": "61d5dd3dfe436a3fc32b9ed9"
      },
      "exhaustionDate": 1664596800000,
      "children": [
        {
          "fundingNodeRef": {
            "id": null,
            "fundingSourceRefs": [
              {
                "id": "61d5dd371e72306c019fb068",
                "name": null,
                "type": "Appropriation",
                "subType": "Memorandum",
                "financialSystemRef": {
                  "id": "58cafe46bf94032ebdf3efb7",
                  "name": "GFEBS"
                },
                "sloa": {
                  "activity": null,
                  "agencyAccountingId": "021001",
                  "agencyDisbursingId": "8522",
                  "availabilityType": null,
                  "budgetAllotmentLineItemId": null,
                  "budgetLineItemId": null,
                  "budgetActivity": null,
                  "budgetSubActivity": null,
                  "businessEventType": "DISGF",
                  "costCenter": null,
                  "costElement": null,
                  "departmentRegular": "097",
                  "departmentTransfer": null,
                  "functionalArea": "107000806278",
                  "fundingCenter": null,
                  "mainAccountCode": "0130",
                  "mainAccountType": "OM",
                  "objectClass": null,
                  "programYear": "",
                  "projectIdentifier": null,
                  "fundingCreationSource": null,
                  "reimbursable": "D",
                  "subAccount": "000",
                  "subAllocationHolder": "1800",
                  "subClass": null,
                  "workOrderId": null,
                  "fundCode": "J2"
                },
                "beginDate": "2021-10-01T00:00:00.000Z",
                "endDate": "2022-09-30T23:59:59.999Z",
                "owningOrg": {
                  "id": "58d0581cdf121dce611b7d03",
                  "name": "USAMRMC-HQ, Fort Detrick, MD",
                  "ancestry": ",58d0581bdf121dce611b7170,58d0581bdf121dce611b71c9,58d0581bdf121dce611b7186,58d0581bdf121dce611b71cc,58d0581cdf121dce611b7d03,",
                  "organizationIdentifier": "W90ERG"
                },
                "availableBalanceCalculation": "defaultAvailableBalanceCalculator",
                "association": null,
                "status": null
              }
            ],
            "target": 0,
            "description": "SUSTAINMENT (MEDCOM USE)",
            "fiscalYear": "2022",
            "name": "MCHQ"
          },
          "childTargets": 0,
          "childTargetsExcessUsage": 0,
          "childNoTargetUsage": 0,
          "totalUsage": 0,
          "usableAvailableBalance": 0,
          "consumptionRate": 0,
          "fundingNode": null,
          "exhaustionDate": 1664596800000,
          "children": null,
          "fundingNodeChild": {
            "id": null,
            "name": "MCHQ",
            "description": "SUSTAINMENT (MEDCOM USE)",
            "target": 0,
            "targetLevel": null,
            "fiscalYear": "2022",
            "fundingNodeType": "EXPENSE",
            "fundingSourceSubType": null,
            "status": "Active",
            "isDefault": false,
            "fundingSourceRef": {
              "id": "61d5dd371e72306c019fb068",
              "name": null,
              "type": "Appropriation",
              "subType": "Memorandum",
              "financialSystemRef": {
                "id": "58cafe46bf94032ebdf3efb7",
                "name": "GFEBS"
              },
              "sloa": {
                "activity": null,
                "agencyAccountingId": "021001",
                "agencyDisbursingId": "8522",
                "availabilityType": null,
                "budgetAllotmentLineItemId": null,
                "budgetLineItemId": null,
                "budgetActivity": null,
                "budgetSubActivity": null,
                "businessEventType": "DISGF",
                "costCenter": null,
                "costElement": null,
                "departmentRegular": "097",
                "departmentTransfer": null,
                "functionalArea": "107000806278",
                "fundingCenter": null,
                "mainAccountCode": "0130",
                "mainAccountType": "OM",
                "objectClass": null,
                "programYear": "",
                "projectIdentifier": null,
                "fundingCreationSource": null,
                "reimbursable": "D",
                "subAccount": "000",
                "subAllocationHolder": "1800",
                "subClass": null,
                "workOrderId": null,
                "fundCode": "J2"
              },
              "beginDate": "2021-10-01T00:00:00.000Z",
              "endDate": "2022-09-30T23:59:59.999Z",
              "owningOrg": {
                "id": "58d0581cdf121dce611b7d03",
                "name": "USAMRMC-HQ, Fort Detrick, MD",
                "ancestry": ",58d0581bdf121dce611b7170,58d0581bdf121dce611b71c9,58d0581bdf121dce611b7186,58d0581bdf121dce611b71cc,58d0581cdf121dce611b7d03,",
                "organizationIdentifier": "W90ERG"
              },
              "availableBalanceCalculation": "defaultAvailableBalanceCalculator",
              "association": null,
              "status": null
            },
            "children": [],
            "authorizedOrgs": [
              {
                "isDefault": null,
                "nodeRef": {
                  "id": "58d0581cdf121dce611b7d03",
                  "name": "USAMRMC-HQ, Fort Detrick, MD",
                  "ancestry": ",58d0581bdf121dce611b7170,58d0581bdf121dce611b71c9,58d0581bdf121dce611b7186,58d0581bdf121dce611b71cc,58d0581cdf121dce611b7d03,",
                  "organizationIdentifier": "W90ERG"
                },
                "costCenter": ""
              }
            ],
            "categories": [
              {
                "commodityCodeRef": {
                  "id": "611af87791c383c0087fddcd",
                  "code": "1XXX",
                  "type": "Cost Element Code",
                  "name": "Government Labor",
                  "commodityType": "Supply",
                  "commodityClassName": "Government Labor"
                },
                "target": 0,
                "balances": {
                  "commitments": 0,
                  "obligations": 0,
                  "credits": 0,
                  "expenses": 0,
                  "nonContractCommitments": 0,
                  "nSales": 0,
                  "rSales": 0,
                  "surcharges": 0,
                  "total": 0,
                  "availableBalance": 0
                },
                "isUtilized": false
              },
              {
                "commodityCodeRef": {
                  "id": "611af87791c383c0087fddd0",
                  "code": "21XX",
                  "type": "Cost Element Code",
                  "name": "Travel and Transportation of Persons",
                  "commodityType": "Supply",
                  "commodityClassName": "Travel and Transportation of Persons"
                },
                "target": 0,
                "balances": {
                  "commitments": 0,
                  "obligations": 0,
                  "credits": 0,
                  "expenses": 0,
                  "nonContractCommitments": 0,
                  "nSales": 0,
                  "rSales": 0,
                  "surcharges": 0,
                  "total": 0,
                  "availableBalance": 0
                },
                "isUtilized": false
              },
              {
                "commodityCodeRef": {
                  "id": "611af87791c383c0087fdddd",
                  "code": "23XX",
                  "type": "Cost Element Code",
                  "name": "Rents, Communications and Utilities",
                  "commodityType": "Supply",
                  "commodityClassName": "Rents, Communications and Utilities"
                },
                "target": 0,
                "balances": {
                  "commitments": 0,
                  "obligations": 0,
                  "credits": 0,
                  "expenses": 0,
                  "nonContractCommitments": 0,
                  "nSales": 0,
                  "rSales": 0,
                  "surcharges": 0,
                  "total": 0,
                  "availableBalance": 0
                },
                "isUtilized": false
              },
              {
                "commodityCodeRef": {
                  "id": "611af87791c383c0087fdde1",
                  "code": "24XX",
                  "type": "Cost Element Code",
                  "name": "Printing and Reproduction",
                  "commodityType": "Supply",
                  "commodityClassName": "Printing and Reproduction"
                },
                "target": 0,
                "balances": {
                  "commitments": 0,
                  "obligations": 0,
                  "credits": 0,
                  "expenses": 0,
                  "nonContractCommitments": 0,
                  "nSales": 0,
                  "rSales": 0,
                  "surcharges": 0,
                  "total": 0,
                  "availableBalance": 0
                },
                "isUtilized": false
              },
              {
                "commodityCodeRef": {
                  "id": "611af87791c383c0087fddf3",
                  "code": "25XX",
                  "type": "Cost Element Code",
                  "name": "Contractual Services",
                  "commodityType": "Supply",
                  "commodityClassName": "Contractual Services"
                },
                "target": 0,
                "balances": {
                  "commitments": 0,
                  "obligations": 0,
                  "credits": 0,
                  "expenses": 0,
                  "nonContractCommitments": 0,
                  "nSales": 0,
                  "rSales": 0,
                  "surcharges": 0,
                  "total": 0,
                  "availableBalance": 0
                },
                "isUtilized": false
              },
              {
                "commodityCodeRef": {
                  "id": "611af87791c383c0087fde03",
                  "code": "26XX",
                  "type": "Cost Element Code",
                  "name": "Supplies and Material",
                  "commodityType": "Supply",
                  "commodityClassName": "Supplies and Material"
                },
                "target": 0,
                "balances": {
                  "commitments": 0,
                  "obligations": 0,
                  "credits": 0,
                  "expenses": 0,
                  "nonContractCommitments": 0,
                  "nSales": 0,
                  "rSales": 0,
                  "surcharges": 0,
                  "total": 0,
                  "availableBalance": 0
                },
                "isUtilized": false
              },
              {
                "commodityCodeRef": {
                  "id": "611af87791c383c0087fde09",
                  "code": "27XX",
                  "type": "Cost Element Code",
                  "name": "Service Charge Function",
                  "commodityType": "Supply",
                  "commodityClassName": "Service Charge Function"
                },
                "target": 0,
                "balances": {
                  "commitments": 0,
                  "obligations": 0,
                  "credits": 0,
                  "expenses": 0,
                  "nonContractCommitments": 0,
                  "nSales": 0,
                  "rSales": 0,
                  "surcharges": 0,
                  "total": 0,
                  "availableBalance": 0
                },
                "isUtilized": false
              },
              {
                "commodityCodeRef": {
                  "id": "611af87791c383c0087fde17",
                  "code": "31XX",
                  "type": "Cost Element Code",
                  "name": "Equipment",
                  "commodityType": "Equipment",
                  "commodityClassName": "Equipment"
                },
                "target": 0,
                "balances": {
                  "commitments": 0,
                  "obligations": 0,
                  "credits": 0,
                  "expenses": 0,
                  "nonContractCommitments": 0,
                  "nSales": 0,
                  "rSales": 0,
                  "surcharges": 0,
                  "total": 0,
                  "availableBalance": 0
                },
                "isUtilized": false
              },
              {
                "commodityCodeRef": {
                  "id": "611af87791c383c0087fde19",
                  "code": "32XX",
                  "type": "Cost Element Code",
                  "name": "Land and Structures",
                  "commodityType": "Supply",
                  "commodityClassName": "Land and Structures"
                },
                "target": 0,
                "balances": {
                  "commitments": 0,
                  "obligations": 0,
                  "credits": 0,
                  "expenses": 0,
                  "nonContractCommitments": 0,
                  "nSales": 0,
                  "rSales": 0,
                  "surcharges": 0,
                  "total": 0,
                  "availableBalance": 0
                },
                "isUtilized": false
              },
              {
                "commodityCodeRef": {
                  "id": "611af87791c383c0087fdd9c",
                  "code": "6100.2540",
                  "type": "Cost Element Code",
                  "name": "Contractor Provided Parts",
                  "commodityType": "Service Contract",
                  "commodityClassName": "Contractor Provided Parts"
                },
                "target": 0,
                "balances": {
                  "commitments": 0,
                  "obligations": 0,
                  "credits": 0,
                  "expenses": 0,
                  "nonContractCommitments": 0,
                  "nSales": 0,
                  "rSales": 0,
                  "surcharges": 0,
                  "total": 0,
                  "availableBalance": 0
                },
                "isUtilized": false
              }
            ],
            "balances": {
              "commitments": 0,
              "obligations": 0,
              "credits": 0,
              "expenses": 0,
              "nonContractCommitments": 0,
              "nSales": 0,
              "rSales": 0,
              "surcharges": 0,
              "total": 0,
              "availableBalance": 0
            },
            "closedDate": "2027-09-30T23:59:59.999Z",
            "expiredDate": "2022-09-30T23:59:59.999Z",
            "retiredDate": null,
            "usage": [],
            "isEditable": null,
            "migrationKey": "W90ERG.467"
          },
          "isNearExhaustion": false,
          "categoryTargets": 0,
          "categoryTargetsExcessUsage": 0
        }
      ]
    }
  }
]